{"cameraMode":{"drawMode":0,"name":"Shaded","section":"Shading Mode"},"sceneLighting":true,"audioPlay":false,"sceneViewState":{"showFog":true,"showMaterialUpdate":true,"showSkybox":true,"showFlares":true,"showImageEffects":true,"showParticleSystems":true},"in2DMode":false,"pivot":{"x":2.8784713745117189,"y":77.46417236328125,"z":143.4151153564453},"rotation":{"x":-0.028499271720647813,"y":-0.0032841814681887628,"z":0.00011965455632889643,"w":-0.9996833801269531},"size":119.98396301269531,"orthographic":false}