{"cameraMode":{"drawMode":0,"name":"Shaded","section":"Shading Mode"},"sceneLighting":true,"audioPlay":false,"sceneViewState":{"showFog":true,"showMaterialUpdate":true,"showSkybox":true,"showFlares":true,"showImageEffects":true,"showParticleSystems":true},"in2DMode":false,"pivot":{"x":-11.361806869506836,"y":80.03692626953125,"z":515.8662719726563},"rotation":{"x":0.0051001012325286869,"y":0.02249903418123722,"z":-0.0001302486634813249,"w":0.9997732639312744},"size":286.7041931152344,"orthographic":false}