{"cameraMode":{"drawMode":0,"name":"Shaded","section":"Shading Mode"},"sceneLighting":true,"audioPlay":false,"sceneViewState":{"showFog":true,"showMaterialUpdate":true,"showSkybox":true,"showFlares":true,"showImageEffects":true,"showParticleSystems":true},"in2DMode":false,"pivot":{"x":55.517616271972659,"y":41.54112243652344,"z":150.40489196777345},"rotation":{"x":0.069540835916996,"y":-0.01197067927569151,"z":0.0008345104870386422,"w":0.9975094795227051},"size":100.13787841796875,"orthographic":false}