{"cameraMode":{"drawMode":0,"name":"Shaded","section":"Shading Mode"},"sceneLighting":true,"audioPlay":false,"sceneViewState":{"showFog":true,"showMaterialUpdate":true,"showSkybox":true,"showFlares":true,"showImageEffects":true,"showParticleSystems":true},"in2DMode":false,"pivot":{"x":21.21002960205078,"y":11.050260543823243,"z":155.13821411132813},"rotation":{"x":0.005102240946143866,"y":0.006001495290547609,"z":-0.000021626969100907445,"w":1.0000238418579102},"size":104.3204116821289,"orthographic":false}