{"cameraMode":{"drawMode":0,"name":"Shaded","section":"Shading Mode"},"sceneLighting":true,"audioPlay":false,"sceneViewState":{"showFog":true,"showMaterialUpdate":true,"showSkybox":true,"showFlares":true,"showImageEffects":true,"showParticleSystems":true},"in2DMode":false,"pivot":{"x":-29.874799728393556,"y":-69.11483764648438,"z":1389.5936279296875},"rotation":{"x":0.06505946069955826,"y":0.0000017038827309079352,"z":0.000007063881184876664,"w":0.9979342818260193},"size":748.8380737304688,"orthographic":false}