{"cameraMode":{"drawMode":0,"name":"Shaded","section":"Shading Mode"},"sceneLighting":false,"audioPlay":false,"sceneViewState":{"showFog":true,"showMaterialUpdate":true,"showSkybox":false,"showFlares":true,"showImageEffects":true,"showParticleSystems":true},"in2DMode":false,"pivot":{"x":-5.909999847412109,"y":1.600000023841858,"z":0.0},"rotation":{"x":-0.11254419386386872,"y":-0.021761678159236909,"z":0.002464503515511751,"w":-0.993411660194397},"size":4.871281623840332,"orthographic":false}