{"cameraMode":{"drawMode":0,"name":"Shaded","section":"Shading Mode"},"sceneLighting":true,"audioPlay":false,"sceneViewState":{"showFog":true,"showMaterialUpdate":true,"showSkybox":true,"showFlares":true,"showImageEffects":true,"showParticleSystems":true},"in2DMode":false,"pivot":{"x":-49.132572174072269,"y":60.511573791503909,"z":232.5104522705078},"rotation":{"x":0.022494394332170488,"y":-0.022780952975153924,"z":-0.0004873755679000169,"w":-0.9995881915092468},"size":197.86936950683595,"orthographic":false}