{"cameraMode":{"drawMode":0,"name":"Shaded","section":"Shading Mode"},"sceneLighting":true,"audioPlay":false,"sceneViewState":{"showFog":true,"showMaterialUpdate":true,"showSkybox":true,"showFlares":true,"showImageEffects":true,"showParticleSystems":true},"in2DMode":false,"pivot":{"x":296.19482421875,"y":-30.66497802734375,"z":356.384521484375},"rotation":{"x":0.17163948714733125,"y":0.1296546310186386,"z":-0.022718286141753198,"w":0.9764038324356079},"size":605.5782470703125,"orthographic":false}