{"cameraMode":{"drawMode":0,"name":"Shaded","section":"Shading Mode"},"sceneLighting":true,"audioPlay":false,"sceneViewState":{"showFog":true,"showMaterialUpdate":true,"showSkybox":true,"showFlares":true,"showImageEffects":true,"showParticleSystems":true},"in2DMode":false,"pivot":{"x":80.0146713256836,"y":-61.91458511352539,"z":387.1468811035156},"rotation":{"x":-0.14494509994983674,"y":-0.028481531888246537,"z":0.004168350715190172,"w":-0.989138126373291},"size":216.51898193359376,"orthographic":false}