{"cameraMode":{"drawMode":0,"name":"Shaded","section":"Shading Mode"},"sceneLighting":true,"audioPlay":false,"sceneViewState":{"showFog":true,"showMaterialUpdate":true,"showSkybox":true,"showFlares":true,"showImageEffects":true,"showParticleSystems":true},"in2DMode":false,"pivot":{"x":223.7543487548828,"y":210.66107177734376,"z":174.53929138183595},"rotation":{"x":-0.04931797832250595,"y":0.08202918618917465,"z":-0.004072878509759903,"w":-0.9955063462257385},"size":295.9833679199219,"orthographic":false}