{"cameraMode":{"drawMode":0,"name":"Shaded","section":"Shading Mode"},"sceneLighting":true,"audioPlay":false,"sceneViewState":{"showFog":true,"showMaterialUpdate":true,"showSkybox":true,"showFlares":true,"showImageEffects":true,"showParticleSystems":true},"in2DMode":false,"pivot":{"x":-2.2432937622070314,"y":69.14675903320313,"z":114.05958557128906},"rotation":{"x":0.07310260087251663,"y":-0.15790395438671113,"z":0.011739199981093407,"w":0.984739363193512},"size":113.65470886230469,"orthographic":false}