{"cameraMode":{"drawMode":0,"name":"Shaded","section":"Shading Mode"},"sceneLighting":true,"audioPlay":false,"sceneViewState":{"showFog":true,"showMaterialUpdate":true,"showSkybox":true,"showFlares":true,"showImageEffects":true,"showParticleSystems":true},"in2DMode":false,"pivot":{"x":-16.767667770385743,"y":69.51712799072266,"z":138.4632110595703},"rotation":{"x":-0.13060247898101808,"y":-0.12338687479496002,"z":0.01641862466931343,"w":-0.9836887121200562},"size":133.390869140625,"orthographic":false}