{"cameraMode":{"drawMode":0,"name":"Shaded","section":"Shading Mode"},"sceneLighting":true,"audioPlay":false,"sceneViewState":{"showFog":true,"showMaterialUpdate":true,"showSkybox":true,"showFlares":true,"showImageEffects":true,"showParticleSystems":true},"in2DMode":false,"pivot":{"x":-6.329702377319336,"y":78.31041717529297,"z":108.36580657958985},"rotation":{"x":-0.015002312138676644,"y":-0.004785854835063219,"z":0.00006199842755449936,"w":-0.9999964833259583},"size":104.90272521972656,"orthographic":false}