{"cameraMode":{"drawMode":0,"name":"Shaded","section":"Shading Mode"},"sceneLighting":true,"audioPlay":false,"sceneViewState":{"showFog":true,"showMaterialUpdate":true,"showSkybox":true,"showFlares":true,"showImageEffects":true,"showParticleSystems":true},"in2DMode":false,"pivot":{"x":-31.5960750579834,"y":-28.772369384765626,"z":314.1376647949219},"rotation":{"x":0.06953338533639908,"y":0.01945182867348194,"z":-0.0013594626216217876,"w":0.9974052906036377},"size":178.08901977539063,"orthographic":false}