{"cameraMode":{"drawMode":0,"name":"Shaded","section":"Shading Mode"},"sceneLighting":true,"audioPlay":false,"sceneViewState":{"showFog":true,"showMaterialUpdate":true,"showSkybox":true,"showFlares":true,"showImageEffects":true,"showParticleSystems":true},"in2DMode":false,"pivot":{"x":-18.724414825439454,"y":72.2351303100586,"z":443.2579040527344},"rotation":{"x":0.035072509199380878,"y":0.03597138449549675,"z":-0.0012776064686477185,"w":0.9987756013870239},"size":251.23794555664063,"orthographic":false}