{"cameraMode":{"drawMode":0,"name":"Shaded","section":"Shading Mode"},"sceneLighting":true,"audioPlay":false,"sceneViewState":{"showFog":true,"showMaterialUpdate":true,"showSkybox":true,"showFlares":true,"showImageEffects":true,"showParticleSystems":true},"in2DMode":false,"pivot":{"x":11.899405479431153,"y":-25.500638961791993,"z":260.7052001953125},"rotation":{"x":-0.08988580852746964,"y":0.010173131711781025,"z":-0.000929107191041112,"w":-0.9960218071937561},"size":218.72296142578126,"orthographic":false}