{"cameraMode":{"drawMode":0,"name":"Shaded","section":"Shading Mode"},"sceneLighting":true,"audioPlay":false,"sceneViewState":{"showFog":true,"showMaterialUpdate":true,"showSkybox":true,"showFlares":true,"showImageEffects":true,"showParticleSystems":true},"in2DMode":false,"pivot":{"x":-9.465621948242188,"y":15.762566566467286,"z":400.2923278808594},"rotation":{"x":0.07044454663991928,"y":-0.0074737221002578739,"z":0.0006005206960253418,"w":0.9975609183311462},"size":227.5939178466797,"orthographic":false}