{"cameraMode":{"drawMode":0,"name":"Shaded","section":"Shading Mode"},"sceneLighting":true,"audioPlay":false,"sceneViewState":{"showFog":true,"showMaterialUpdate":true,"showSkybox":true,"showFlares":true,"showImageEffects":true,"showParticleSystems":true},"in2DMode":false,"pivot":{"x":-38.95419692993164,"y":55.155391693115237,"z":432.2740478515625},"rotation":{"x":0.04408494383096695,"y":-0.014983941800892353,"z":0.0006709421868436039,"w":0.9989683032035828},"size":225.53671264648438,"orthographic":false}