{"cameraMode":{"drawMode":0,"name":"Shaded","section":"Shading Mode"},"sceneLighting":true,"audioPlay":false,"sceneViewState":{"showFog":true,"showMaterialUpdate":true,"showSkybox":true,"showFlares":true,"showImageEffects":true,"showParticleSystems":true},"in2DMode":false,"pivot":{"x":13.633262634277344,"y":84.36433410644531,"z":119.52465057373047},"rotation":{"x":-0.004501096438616514,"y":0.0012141873594373465,"z":0.00001148822411778383,"w":-1.0000823736190797},"size":111.28170013427735,"orthographic":false}