{"cameraMode":{"drawMode":0,"name":"Shaded","section":"Shading Mode"},"sceneLighting":true,"audioPlay":false,"sceneViewState":{"showFog":true,"showMaterialUpdate":true,"showSkybox":true,"showFlares":true,"showImageEffects":true,"showParticleSystems":true},"in2DMode":false,"pivot":{"x":-11.978975296020508,"y":34.64161682128906,"z":83.92400360107422},"rotation":{"x":-0.04648866876959801,"y":0.007207070477306843,"z":-0.00034159971983172,"w":-0.999012291431427},"size":133.05455017089845,"orthographic":false}