{"cameraMode":{"drawMode":0,"name":"Shaded","section":"Shading Mode"},"sceneLighting":true,"audioPlay":false,"sceneViewState":{"showFog":true,"showMaterialUpdate":true,"showSkybox":true,"showFlares":true,"showImageEffects":true,"showParticleSystems":true},"in2DMode":false,"pivot":{"x":2.735189199447632,"y":71.97126770019531,"z":266.11114501953127},"rotation":{"x":-0.008393342606723309,"y":0.03299595043063164,"z":0.0002876020735129714,"w":0.9994789958000183},"size":166.3275604248047,"orthographic":false}