{"cameraMode":{"drawMode":0,"name":"Shaded","section":"Shading Mode"},"sceneLighting":true,"audioPlay":false,"sceneViewState":{"showFog":true,"showMaterialUpdate":true,"showSkybox":true,"showFlares":true,"showImageEffects":true,"showParticleSystems":true},"in2DMode":false,"pivot":{"x":-1.3425261974334717,"y":12.38199520111084,"z":-11.65182876586914},"rotation":{"x":-0.056976333260536197,"y":0.24513623118400575,"z":-0.014433339238166809,"w":-0.9677097797393799},"size":7.463683605194092,"orthographic":false}