{"cameraMode":{"drawMode":0,"name":"Shaded","section":"Shading Mode"},"sceneLighting":true,"audioPlay":false,"sceneViewState":{"showFog":true,"showMaterialUpdate":true,"showSkybox":true,"showFlares":true,"showImageEffects":true,"showParticleSystems":true},"in2DMode":false,"pivot":{"x":-37.49607849121094,"y":109.99917602539063,"z":-27.76624298095703},"rotation":{"x":0.04344896227121353,"y":0.04194910451769829,"z":-0.001823786529712379,"w":0.9981995820999146},"size":67.80464935302735,"orthographic":false}