{"cameraMode":{"drawMode":0,"name":"Shaded","section":"Shading Mode"},"sceneLighting":true,"audioPlay":false,"sceneViewState":{"showFog":true,"showMaterialUpdate":true,"showSkybox":true,"showFlares":true,"showImageEffects":true,"showParticleSystems":true},"in2DMode":false,"pivot":{"x":354.439697265625,"y":177.01022338867188,"z":-4.0848388671875},"rotation":{"x":0.0730060487985611,"y":0.10749959200620651,"z":-0.007915531285107136,"w":0.9914913177490234},"size":259.7392883300781,"orthographic":false}