{"cameraMode":{"drawMode":0,"name":"Shaded","section":"Shading Mode"},"sceneLighting":true,"audioPlay":false,"sceneViewState":{"showFog":true,"showMaterialUpdate":true,"showSkybox":true,"showFlares":true,"showImageEffects":true,"showParticleSystems":true},"in2DMode":false,"pivot":{"x":97.18507385253906,"y":48.616798400878909,"z":569.0579223632813},"rotation":{"x":-0.03732942417263985,"y":-0.09458868205547333,"z":0.003539496334269643,"w":-0.9949284791946411},"size":379.2512512207031,"orthographic":false}