{"cameraMode":{"drawMode":0,"name":"Shaded","section":"Shading Mode"},"sceneLighting":true,"audioPlay":false,"sceneViewState":{"showFog":true,"showMaterialUpdate":true,"showSkybox":true,"showFlares":true,"showImageEffects":true,"showParticleSystems":true},"in2DMode":false,"pivot":{"x":-19.056482315063478,"y":-11.822054862976075,"z":136.2581024169922},"rotation":{"x":0.06894766539335251,"y":-0.009284183382987976,"z":0.000666450709104538,"w":0.997651994228363},"size":101.02111053466797,"orthographic":false}