{"cameraMode":{"drawMode":0,"name":"Shaded","section":"Shading Mode"},"sceneLighting":true,"audioPlay":false,"sceneViewState":{"showFog":true,"showMaterialUpdate":true,"showSkybox":true,"showFlares":true,"showImageEffects":true,"showParticleSystems":true},"in2DMode":false,"pivot":{"x":-156.72496032714845,"y":60.37449264526367,"z":1739.0523681640625},"rotation":{"x":-0.006887596566230059,"y":-0.056969787925481799,"z":-0.00038450202555395663,"w":0.998407244682312},"size":930.2225952148438,"orthographic":false}