{"cameraMode":{"drawMode":0,"name":"Shaded","section":"Shading Mode"},"sceneLighting":true,"audioPlay":false,"sceneViewState":{"showFog":true,"showMaterialUpdate":true,"showSkybox":true,"showFlares":true,"showImageEffects":true,"showParticleSystems":true},"in2DMode":false,"pivot":{"x":-49.06448745727539,"y":-0.17660675942897798,"z":89.48039245605469},"rotation":{"x":-0.06890139728784561,"y":-0.039187949150800708,"z":0.002689006505534053,"w":-0.9969619512557983},"size":129.44334411621095,"orthographic":false}