{"cameraMode":{"drawMode":0,"name":"Shaded","section":"Shading Mode"},"sceneLighting":true,"audioPlay":false,"sceneViewState":{"showFog":true,"showMaterialUpdate":true,"showSkybox":true,"showFlares":true,"showImageEffects":true,"showParticleSystems":true},"in2DMode":false,"pivot":{"x":13.12567138671875,"y":-67.26406860351563,"z":416.8930358886719},"rotation":{"x":0.1857183426618576,"y":0.08539000898599625,"z":-0.016128642484545709,"w":0.9788298010826111},"size":249.9381866455078,"orthographic":false}