{"cameraMode":{"drawMode":0,"name":"Shaded","section":"Shading Mode"},"sceneLighting":true,"audioPlay":false,"sceneViewState":{"showFog":true,"showMaterialUpdate":true,"showSkybox":true,"showFlares":true,"showImageEffects":true,"showParticleSystems":true},"in2DMode":false,"pivot":{"x":-38.66909408569336,"y":5.177905082702637,"z":711.3444213867188},"rotation":{"x":0.007489802315831184,"y":-0.05247494578361511,"z":0.0003918889269698411,"w":0.9986021518707275},"size":370.85943603515627,"orthographic":false}