{"cameraMode":{"drawMode":0,"name":"Shaded","section":"Shading Mode"},"sceneLighting":true,"audioPlay":false,"sceneViewState":{"showFog":true,"showMaterialUpdate":true,"showSkybox":true,"showFlares":true,"showImageEffects":true,"showParticleSystems":true},"in2DMode":false,"pivot":{"x":-24.154272079467775,"y":62.352821350097659,"z":551.2826538085938},"rotation":{"x":0.011099630035459996,"y":0.019498100504279138,"z":-0.00021594492136500776,"w":0.9997562170028687},"size":314.6368408203125,"orthographic":false}