{"cameraMode":{"drawMode":0,"name":"Shaded","section":"Shading Mode"},"sceneLighting":true,"audioPlay":false,"sceneViewState":{"showFog":true,"showMaterialUpdate":true,"showSkybox":true,"showFlares":true,"showImageEffects":true,"showParticleSystems":true},"in2DMode":false,"pivot":{"x":46.23197937011719,"y":63.98838424682617,"z":120.60733795166016},"rotation":{"x":-0.1286158412694931,"y":0.02649899385869503,"z":-0.003391216043382883,"w":-0.9914655089378357},"size":80.49449920654297,"orthographic":false}