{"cameraMode":{"drawMode":0,"name":"Shaded","section":"Shading Mode"},"sceneLighting":true,"audioPlay":false,"sceneViewState":{"showFog":true,"showMaterialUpdate":true,"showSkybox":true,"showFlares":true,"showImageEffects":true,"showParticleSystems":true},"in2DMode":false,"pivot":{"x":37.093082427978519,"y":40.828529357910159,"z":494.0138244628906},"rotation":{"x":0.02459723874926567,"y":-0.013495347462594509,"z":0.0003325068682897836,"w":0.9996137619018555},"size":267.8849792480469,"orthographic":false}