{"cameraMode":{"drawMode":0,"name":"Shaded","section":"Shading Mode"},"sceneLighting":true,"audioPlay":false,"sceneViewState":{"showFog":true,"showMaterialUpdate":true,"showSkybox":true,"showFlares":true,"showImageEffects":true,"showParticleSystems":true},"in2DMode":false,"pivot":{"x":29.042621612548829,"y":14.108186721801758,"z":247.08497619628907},"rotation":{"x":0.003602174576371908,"y":0.010501605458557606,"z":-0.00002888226299546659,"w":0.9999939799308777},"size":147.04222106933595,"orthographic":false}