{"cameraMode":{"drawMode":0,"name":"Shaded","section":"Shading Mode"},"sceneLighting":true,"audioPlay":false,"sceneViewState":{"showFog":true,"showMaterialUpdate":true,"showSkybox":true,"showFlares":true,"showImageEffects":true,"showParticleSystems":true},"in2DMode":false,"pivot":{"x":-36.01941680908203,"y":45.352882385253909,"z":1149.625732421875},"rotation":{"x":0.02609911561012268,"y":-0.00299862795509398,"z":0.00007654679211555049,"w":0.9996664524078369},"size":608.9697265625,"orthographic":false}