{"cameraMode":{"drawMode":0,"name":"Shaded","section":"Shading Mode"},"sceneLighting":true,"audioPlay":false,"sceneViewState":{"showFog":true,"showMaterialUpdate":true,"showSkybox":true,"showFlares":true,"showImageEffects":true,"showParticleSystems":true},"in2DMode":false,"pivot":{"x":-0.3195289373397827,"y":72.9478759765625,"z":-11.06814956665039},"rotation":{"x":0.07552924752235413,"y":0.01196822989732027,"z":-0.0008956216042861342,"w":0.9971299767494202},"size":61.7757453918457,"orthographic":false}