{"cameraMode":{"drawMode":0,"name":"Shaded","section":"Shading Mode"},"sceneLighting":true,"audioPlay":false,"sceneViewState":{"showFog":true,"showMaterialUpdate":true,"showSkybox":true,"showFlares":true,"showImageEffects":true,"showParticleSystems":true},"in2DMode":false,"pivot":{"x":19.393211364746095,"y":92.143798828125,"z":-5.638786315917969},"rotation":{"x":0.11649064719676972,"y":-0.0640145093202591,"z":0.0075240181758999828,"w":0.9910997152328491},"size":47.36043930053711,"orthographic":false}