{"cameraMode":{"drawMode":0,"name":"Shaded","section":"Shading Mode"},"sceneLighting":true,"audioPlay":false,"sceneViewState":{"showFog":true,"showMaterialUpdate":true,"showSkybox":true,"showFlares":true,"showImageEffects":true,"showParticleSystems":true},"in2DMode":false,"pivot":{"x":-42.747840881347659,"y":114.78504943847656,"z":772.3865966796875},"rotation":{"x":-0.04288467764854431,"y":0.005994998384267092,"z":0.0002557918487582356,"w":0.999072790145874},"size":403.65338134765627,"orthographic":false}