{"cameraMode":{"drawMode":0,"name":"Shaded","section":"Shading Mode"},"sceneLighting":true,"audioPlay":false,"sceneViewState":{"showFog":true,"showMaterialUpdate":true,"showSkybox":true,"showFlares":true,"showImageEffects":true,"showParticleSystems":true},"in2DMode":false,"pivot":{"x":0.551790714263916,"y":71.84020233154297,"z":128.15826416015626},"rotation":{"x":-0.05697396770119667,"y":-0.006274719722568989,"z":0.00038582031265832484,"w":-0.9984517693519592},"size":116.06037139892578,"orthographic":false}