{"cameraMode":{"drawMode":0,"name":"Shaded","section":"Shading Mode"},"sceneLighting":true,"audioPlay":false,"sceneViewState":{"showFog":true,"showMaterialUpdate":true,"showSkybox":true,"showFlares":true,"showImageEffects":true,"showParticleSystems":true},"in2DMode":false,"pivot":{"x":24.169483184814454,"y":57.017765045166019,"z":706.5684204101563},"rotation":{"x":-0.007497998420149088,"y":-0.022497709840536119,"z":-0.00017046956054400653,"w":0.9997268915176392},"size":406.6329650878906,"orthographic":false}