{"cameraMode":{"drawMode":0,"name":"Shaded","section":"Shading Mode"},"sceneLighting":true,"audioPlay":false,"sceneViewState":{"showFog":true,"showMaterialUpdate":true,"showSkybox":true,"showFlares":true,"showImageEffects":true,"showParticleSystems":true},"in2DMode":false,"pivot":{"x":46.55704879760742,"y":55.785675048828128,"z":135.77569580078126},"rotation":{"x":-0.004499233793467283,"y":0.007185966707766056,"z":0.0000612015210208483,"w":1.0000007152557374},"size":99.98541259765625,"orthographic":false}