{"cameraMode":{"drawMode":0,"name":"Shaded","section":"Shading Mode"},"sceneLighting":true,"audioPlay":false,"sceneViewState":{"showFog":true,"showMaterialUpdate":true,"showSkybox":true,"showFlares":true,"showImageEffects":true,"showParticleSystems":true},"in2DMode":false,"pivot":{"x":-20.731521606445314,"y":69.65319061279297,"z":259.3458557128906},"rotation":{"x":-0.005397640634328127,"y":0.01200143713504076,"z":0.00007513039599871263,"w":0.9999722838401794},"size":166.3275604248047,"orthographic":false}