{"cameraMode":{"drawMode":0,"name":"Shaded","section":"Shading Mode"},"sceneLighting":true,"audioPlay":false,"sceneViewState":{"showFog":true,"showMaterialUpdate":true,"showSkybox":true,"showFlares":true,"showImageEffects":true,"showParticleSystems":true},"in2DMode":false,"pivot":{"x":51.02579116821289,"y":62.5310173034668,"z":250.34439086914063},"rotation":{"x":-0.008999484591186047,"y":0.010499340482056141,"z":0.00009273985779145733,"w":0.9999116659164429},"size":190.93307495117188,"orthographic":false}