{"cameraMode":{"drawMode":0,"name":"Shaded","section":"Shading Mode"},"sceneLighting":true,"audioPlay":false,"sceneViewState":{"showFog":true,"showMaterialUpdate":true,"showSkybox":true,"showFlares":true,"showImageEffects":true,"showParticleSystems":true},"in2DMode":false,"pivot":{"x":2.1891303062438967,"y":10.774713516235352,"z":-6.718194961547852},"rotation":{"x":-0.04759405553340912,"y":0.16908106207847596,"z":-0.008174659684300423,"w":-0.9844197034835815},"size":51.15296173095703,"orthographic":false}