{"cameraMode":{"drawMode":0,"name":"Shaded","section":"Shading Mode"},"sceneLighting":true,"audioPlay":false,"sceneViewState":{"showFog":true,"showMaterialUpdate":true,"showSkybox":true,"showFlares":true,"showImageEffects":true,"showParticleSystems":true},"in2DMode":false,"pivot":{"x":78.99666595458985,"y":-62.537506103515628,"z":662.4867553710938},"rotation":{"x":-0.10315055400133133,"y":-0.058446429669857028,"z":0.006046053487807512,"w":-0.9930391311645508},"size":397.02191162109377,"orthographic":false}