{"cameraMode":{"drawMode":0,"name":"Shaded","section":"Shading Mode"},"sceneLighting":true,"audioPlay":false,"sceneViewState":{"showFog":true,"showMaterialUpdate":true,"showSkybox":true,"showFlares":true,"showImageEffects":true,"showParticleSystems":true},"in2DMode":false,"pivot":{"x":245.0152587890625,"y":-780.7189331054688,"z":2736.021484375},"rotation":{"x":0.1478087604045868,"y":0.045672446489334109,"z":-0.006814259570091963,"w":0.9880101680755615},"size":1466.58056640625,"orthographic":false}