{"cameraMode":{"drawMode":0,"name":"Shaded","section":"Shading Mode"},"sceneLighting":true,"audioPlay":false,"sceneViewState":{"showFog":true,"showMaterialUpdate":true,"showSkybox":true,"showFlares":true,"showImageEffects":true,"showParticleSystems":true},"in2DMode":false,"pivot":{"x":-52.181541442871097,"y":70.52005004882813,"z":75.52079010009766},"rotation":{"x":0.23771607875823975,"y":0.005848838482052088,"z":-0.001343709765933454,"w":0.9713890552520752},"size":61.36366653442383,"orthographic":false}