{"cameraMode":{"drawMode":0,"name":"Shaded","section":"Shading Mode"},"sceneLighting":true,"audioPlay":false,"sceneViewState":{"showFog":true,"showMaterialUpdate":true,"showSkybox":true,"showFlares":true,"showImageEffects":true,"showParticleSystems":true},"in2DMode":false,"pivot":{"x":-12.765215873718262,"y":75.77912139892578,"z":67.64176177978516},"rotation":{"x":-0.01739499531686306,"y":0.019497351720929147,"z":0.0003249226720072329,"w":0.9996939897537231},"size":92.67383575439453,"orthographic":false}