{"cameraMode":{"drawMode":0,"name":"Shaded","section":"Shading Mode"},"sceneLighting":true,"audioPlay":false,"sceneViewState":{"showFog":true,"showMaterialUpdate":true,"showSkybox":true,"showFlares":true,"showImageEffects":true,"showParticleSystems":true},"in2DMode":false,"pivot":{"x":61.099998474121097,"y":57.20000076293945,"z":-3.0},"rotation":{"x":0.04344896227121353,"y":0.04194910451769829,"z":-0.001823786529712379,"w":0.9981995820999146},"size":34.083953857421878,"orthographic":false}