{"cameraMode":{"drawMode":0,"name":"Shaded","section":"Shading Mode"},"sceneLighting":true,"audioPlay":false,"sceneViewState":{"showFog":true,"showMaterialUpdate":true,"showSkybox":true,"showFlares":true,"showImageEffects":true,"showParticleSystems":true},"in2DMode":false,"pivot":{"x":40.74374771118164,"y":39.666351318359378,"z":68.07038879394531},"rotation":{"x":0.17606233060359956,"y":0.013288593851029873,"z":-0.002377684460952878,"w":0.9842929244041443},"size":111.57645416259766,"orthographic":false}