{"cameraMode":{"drawMode":0,"name":"Shaded","section":"Shading Mode"},"sceneLighting":true,"audioPlay":false,"sceneViewState":{"showFog":true,"showMaterialUpdate":true,"showSkybox":true,"showFlares":true,"showImageEffects":true,"showParticleSystems":true},"in2DMode":false,"pivot":{"x":221.6480255126953,"y":100.21400451660156,"z":1598.9261474609375},"rotation":{"x":-0.01587703637778759,"y":0.05097255855798721,"z":0.0008067878661677241,"w":0.998586118221283},"size":837.687744140625,"orthographic":false}