{"cameraMode":{"drawMode":0,"name":"Shaded","section":"Shading Mode"},"sceneLighting":true,"audioPlay":false,"sceneViewState":{"showFog":true,"showMaterialUpdate":true,"showSkybox":true,"showFlares":true,"showImageEffects":true,"showParticleSystems":true},"in2DMode":false,"pivot":{"x":53.5506477355957,"y":68.10588073730469,"z":135.39642333984376},"rotation":{"x":-0.05547705665230751,"y":0.004209413193166256,"z":-0.0002072609931929037,"w":-0.9985460638999939},"size":160.38461303710938,"orthographic":false}