{"cameraMode":{"drawMode":0,"name":"Shaded","section":"Shading Mode"},"sceneLighting":true,"audioPlay":false,"sceneViewState":{"showFog":true,"showMaterialUpdate":true,"showSkybox":true,"showFlares":true,"showImageEffects":true,"showParticleSystems":true},"in2DMode":false,"pivot":{"x":-3.368133306503296,"y":4.964686393737793,"z":4.164712905883789},"rotation":{"x":-0.12737736105918885,"y":0.03629099205136299,"z":-0.00466475123539567,"w":-0.9911856651306152},"size":22.880136489868165,"orthographic":false}