{"cameraMode":{"drawMode":0,"name":"Shaded","section":"Shading Mode"},"sceneLighting":true,"audioPlay":false,"sceneViewState":{"showFog":true,"showMaterialUpdate":false,"showSkybox":true,"showFlares":true,"showImageEffects":true,"showParticleSystems":true,"showVisualEffectGraphs":true,"m_FxEnabled":true},"in2DMode":false,"pivot":{"x":0.25455617904663088,"y":0.8627587556838989,"z":-0.47628045082092287},"rotation":{"x":-0.017605166882276536,"y":0.9524384140968323,"z":-0.05607724189758301,"w":-0.2990114688873291},"size":3.7570595741271974,"orthographic":false}